,HCC44_LUNG,OACP4C_OESOPHAGUS
GO:0000038,-0.47332,-0.47332
GO:0000070,-0.6096,-0.6087
GO:0000082,1.1347,0.015286
GO:0000083,-0.64739,-0.32919
GO:0000086,0.34558,0.85872
GO:0000096,-0.4517,-0.4517
GO:0000122,0.088358,0.50026
GO:0000165,0.5509,0.66417
GO:0000186,-0.24956,-0.1592
GO:0000187,-0.047047,0.19842
GO:0000209,0.50729,0.64564
GO:0000226,-0.085405,-0.50891
GO:0000281,0.53316,0.69021
GO:0000302,-0.44477,-0.29654
GO:0000398,0.42205,0.47171
GO:0000413,-0.50517,-0.50517
GO:0000723,0.85174,0.91535
GO:0000724,0.4949,0.4949
GO:0000904,0.046167,0.010327
GO:0000956,0.45924,0.45924
GO:0001101,0.42822,0.17079
GO:0001501,0.57161,0.025901
GO:0001503,-0.55472,0.22095
GO:0001504,0.44249,0.44249
GO:0001505,-0.53978,-0.54783
GO:0001525,0.98633,0.47988
GO:0001541,-0.032917,-0.032917
GO:0001558,0.28433,0.73435
GO:0001569,-0.60159,-0.60145
GO:0001570,0.78439,0.52861
GO:0001649,0.42388,0.44059
GO:0001656,0.57532,0.1271
GO:0001657,-0.46731,-0.63726
GO:0001658,-0.5209,-0.5209
GO:0001659,0.50847,-0.07441
GO:0001662,-0.50664,-0.50664
GO:0001666,-0.53252,-0.42628
GO:0001676,0.28877,0.45892
GO:0001701,-0.4633,0.088932
GO:0001704,-0.015469,0.04982
GO:0001708,0.37911,0.3006
GO:0001754,-0.42908,-0.42908
GO:0001755,0.50414,0.062115
GO:0001756,0.49599,1.0322
GO:0001764,-0.36453,-0.1613
GO:0001774,-0.55487,-0.55487
GO:0001782,-0.3892,-0.3892
GO:0001816,-0.3784,-0.84025
GO:0001817,0.4328,-0.60136
GO:0001818,1.03,-0.31347
GO:0001819,-0.05632,0.21625
GO:0001822,-0.32658,-0.5605
GO:0001823,0.5251,0.54115
GO:0001824,-0.50628,-0.3842
GO:0001841,-0.37313,-0.3377
GO:0001843,-0.40558,-0.33651
GO:0001889,-0.29201,-0.42442
GO:0001890,-0.531,-0.34945
GO:0001894,-0.27332,-1.8562
GO:0001895,0.72435,0.72435
GO:0001909,-0.55357,-0.55357
GO:0001912,0.5706,0.4463
GO:0001933,-0.26501,-0.44689
GO:0001935,0.45737,0.45737
GO:0001937,0.48703,0.22754
GO:0001938,0.51241,0.61315
GO:0001942,0.49834,0.97964
GO:0001944,0.48579,0.31395
GO:0001945,-0.56214,-0.56214
GO:0001947,0.53389,0.45232
GO:0001953,-0.50113,-0.41981
GO:0001958,0.46994,0.46994
GO:0001959,-0.44825,-0.48104
GO:0001960,-0.30741,0.40353
GO:0001961,0.62986,0.62986
GO:0001974,-0.44257,-0.4889
GO:0001975,-0.15861,-1.0217
GO:0002003,0.70594,1.0497
GO:0002011,0.47423,0.40612
GO:0002021,0.52252,0.77229
GO:0002026,-0.55902,-0.48184
GO:0002029,-0.66373,-0.66373
GO:0002040,0.50943,0.50943
GO:0002053,-0.52727,-0.52727
GO:0002062,0.55851,0.55851
GO:0002064,0.58501,0.58501
GO:0002066,-0.42125,-0.42125
GO:0002067,-0.50369,-0.50369
GO:0002088,0.41207,0.41726
GO:0002092,-0.63265,-0.63265
GO:0002223,0.58749,0.70545
GO:0002224,-0.44195,-0.30109
GO:0002244,0.56545,0.55128
GO:0002250,0.95489,0.85941
GO:0002252,0.17121,-0.38376
GO:0002274,0.85713,0.020609
GO:0002287,0.45177,0.45177
GO:0002292,-0.48188,-0.48188
GO:0002312,0.58469,0.67308
GO:0002366,-0.16411,-0.25865
GO:0002367,0.65448,0.65448
GO:0002407,-0.52088,-0.78717
GO:0002429,-0.22576,-0.29228
GO:0002437,0.53672,0.53672
GO:0002443,0.6126,-0.03883
GO:0002456,0.53953,0.53953
GO:0002474,-0.4844,-0.40935
GO:0002479,-0.40274,-0.40274
GO:0002504,-0.45287,-0.45287
GO:0002521,-0.12492,-0.051568
GO:0002532,-0.49368,-0.49368
GO:0002548,0.48306,0.48306
GO:0002562,-0.85648,-1.0881
GO:0002573,0.069996,-0.20191
GO:0002576,-0.66004,0.71882
GO:0002675,0.45844,0.44635
GO:0002683,-0.36076,0.10951
GO:0002686,0.46179,0.46179
GO:0002690,-0.34723,-0.54502
GO:0002691,-0.46336,-0.55123
GO:0002695,0.15184,-0.12929
GO:0002697,0.61786,0.84663
GO:0002699,0.6542,0.34946
GO:0002702,-0.59406,-0.095403
GO:0002704,0.87314,0.75891
GO:0002712,0.26621,-0.95084
GO:0002719,0.30913,-0.4472
GO:0002726,0.47869,0.47869
GO:0002739,0.4594,0.4594
GO:0002755,-0.54716,-0.7282
GO:0002757,0.37412,0.3685
GO:0002758,0.51251,0.71024
GO:0002761,0.58218,-0.58094
GO:0002762,-0.54244,-0.54244
GO:0002792,-0.44281,-0.32183
GO:0002823,0.43388,0.394
GO:0002825,0.43857,0.43857
GO:0002830,-0.50885,-0.50885
GO:0002833,-0.41398,-1.0368
GO:0002861,0.48732,0.48732
GO:0002888,-0.16544,-0.30121
GO:0002889,-0.66881,-0.53745
GO:0002922,-0.45239,-0.45239
GO:0002931,0.28353,0.28353
GO:0003006,0.41119,0.14986
GO:0003007,0.016979,0.10477
GO:0003008,-0.44025,-0.56056
GO:0003009,-0.46667,-0.47083
GO:0003014,-0.61423,-0.61423
GO:0003015,-0.41427,-0.27112
GO:0003044,-0.45846,-0.34375
GO:0003071,0.40676,0.40676
GO:0003091,-0.49008,-0.49008
GO:0003148,0.69465,1.366
GO:0003156,0.33857,0.38389
GO:0003158,-0.49463,-0.30693
GO:0003177,-0.4675,-0.32525
GO:0003180,0.41022,0.97556
GO:0003181,-0.50217,-0.0926
GO:0003203,0.44258,0.3002
GO:0003209,0.71269,1.4401
GO:0003279,0.31251,0.64367
GO:0003300,0.35645,0.35645
GO:0003401,-0.66769,-0.66769
GO:0003407,-0.67891,-0.67891
GO:0005975,-0.1344,-0.11828
GO:0005977,-0.49099,-0.44635
GO:0005979,0.75791,0.66651
GO:0005996,0.33009,0.66494
GO:0006006,0.46457,0.29099
GO:0006024,-0.67989,-0.67989
GO:0006027,-0.55779,-0.55779
GO:0006029,-0.44358,-0.44358
GO:0006040,0.75666,0.75666
GO:0006066,-0.8318,-0.89214
GO:0006068,-0.47512,-0.47512
GO:0006081,-0.40842,-0.40842
GO:0006091,-0.47306,-0.57635
GO:0006094,0.36691,0.36691
GO:0006109,0.36295,-0.65116
GO:0006119,0.4742,0.28642
GO:0006139,0.30431,0.19478
GO:0006144,0.48214,0.48214
GO:0006164,-0.42979,-0.42979
GO:0006206,-0.72453,-0.16161
GO:0006221,0.46361,0.43332
GO:0006259,0.60394,0.15455
GO:0006261,0.48956,0.48435
GO:0006281,0.36266,0.20712
GO:0006283,-0.50912,-0.92428
GO:0006284,0.2963,0.26449
GO:0006303,0.54866,0.54866
GO:0006306,0.53096,0.32285
GO:0006323,-0.63445,-0.63445
GO:0006325,-0.33567,-1.0117
GO:0006333,-0.5626,-0.5626
GO:0006334,-0.49619,-0.49619
GO:0006342,0.49049,0.49049
GO:0006349,0.62573,0.62573
GO:0006355,0.32328,0.30628
GO:0006357,0.72326,-0.031941
GO:0006366,-0.83411,-0.63295
GO:0006367,-0.5801,-0.60843
GO:0006396,-0.43837,-1.0079
GO:0006401,0.55864,0.55864
GO:0006413,-0.4162,-0.4162
GO:0006417,-0.30742,-0.47262
GO:0006418,-0.56926,-1.3848
GO:0006446,0.47946,0.47946
GO:0006457,0.47605,0.27404
GO:0006464,-0.22427,-0.20675
GO:0006468,-0.29155,-0.14621
GO:0006469,-0.49141,-0.2519
GO:0006471,-0.65288,-0.51334
GO:0006473,0.42704,0.42692
GO:0006475,0.49706,0.51983
GO:0006476,-0.34216,-0.33491
GO:0006482,-0.62603,-0.62603
GO:0006487,-0.5093,-0.41531
GO:0006497,0.36869,0.41839
GO:0006508,-0.47763,-0.75326
GO:0006509,-0.16761,0.46076
GO:0006511,0.71704,-0.49192
GO:0006518,0.44162,0.035867
GO:0006521,0.52972,0.52972
GO:0006536,0.72605,0.72605
GO:0006541,0.77904,0.35545
GO:0006575,-0.49315,-0.49315
GO:0006586,0.41517,0.41517
GO:0006595,-0.53227,-0.53227
GO:0006606,-0.48636,-0.5664
GO:0006625,0.51597,0.51597
GO:0006629,0.17965,0.24643
GO:0006631,-0.87786,-0.53768
GO:0006635,-0.48996,-0.48996
GO:0006643,-0.37955,0.0011425
GO:0006644,0.68255,-0.86522
GO:0006654,-0.50243,-0.50243
GO:0006656,0.59943,0.42583
GO:0006658,-0.5075,-0.5075
GO:0006661,0.49193,0.49193
GO:0006687,0.36688,1.2398
GO:0006691,-0.56209,-0.56209
GO:0006694,-1.6201,-0.33948
GO:0006695,-0.80618,-0.46178
GO:0006706,-0.8703,-0.54078
GO:0006721,-0.25938,-0.053117
GO:0006730,-0.65255,-0.65255
GO:0006732,-0.77605,-1.0736
GO:0006733,-0.37631,-0.37631
GO:0006734,-0.52097,-0.50506
GO:0006739,0.44219,0.44218
GO:0006749,-0.47125,-0.47125
GO:0006757,0.59564,0.44228
GO:0006760,0.53332,0.53332
GO:0006767,0.43959,0.52471
GO:0006783,0.62758,0.62758
GO:0006790,-0.36776,-0.31808
GO:0006796,0.042551,0.15114
GO:0006801,-0.41519,-0.41519
GO:0006805,-0.57765,-0.90658
GO:0006811,-0.02257,-0.38862
GO:0006812,-0.2531,-0.23614
GO:0006816,-0.7817,-0.65616
GO:0006826,-0.41523,-0.47657
GO:0006835,-0.70748,-0.70748
GO:0006836,0.099876,0.079369
GO:0006855,-0.48552,-0.48552
GO:0006869,0.56384,0.53635
GO:0006873,-0.27606,-0.73414
GO:0006874,0.41659,0.96367
GO:0006879,-0.65515,-0.87601
GO:0006885,0.52504,0.52504
GO:0006886,-0.69415,-0.80332
GO:0006888,-0.47008,-0.99054
GO:0006890,-0.48917,-0.48917
GO:0006897,-0.66767,-0.248
GO:0006898,-0.56979,-0.17266
GO:0006909,-0.45726,-0.17411
GO:0006915,0.3241,0.36208
GO:0006919,-0.46115,-0.20223
GO:0006928,-0.33302,0.014644
GO:0006935,0.49561,0.028992
GO:0006936,0.35831,0.35933
GO:0006937,0.13643,-0.27953
GO:0006939,-0.26878,-1.2174
GO:0006952,0.31059,-0.22778
GO:0006953,0.44142,0.44142
GO:0006954,0.16842,0.10521
GO:0006955,0.12847,-0.42772
GO:0006968,0.5567,0.5567
GO:0006972,0.3966,0.45748
GO:0006974,-0.51281,0.30447
GO:0006977,0.51854,0.18732
GO:0006979,0.18461,0.3299
GO:0006984,-0.59143,-0.59143
GO:0006986,-0.20181,-0.87359
GO:0006996,0.18371,-0.13141
GO:0006998,0.57654,0.57654
GO:0007005,0.52387,0.49147
GO:0007006,-0.6928,-0.17371
GO:0007009,1.1092,0.45387
GO:0007010,0.92999,0.092567
GO:0007015,-0.49398,-0.49398
GO:0007018,-0.5648,-0.72121
GO:0007030,0.42543,1.0539
GO:0007031,-0.54831,-0.54831
GO:0007040,0.47552,0.47552
GO:0007041,0.46411,0.086835
GO:0007043,-0.54516,-0.54516
GO:0007044,0.46343,0.44332
GO:0007050,0.40222,0.26122
GO:0007051,0.6909,0.74029
GO:0007059,0.49257,0.4863
GO:0007088,0.36436,-0.048582
GO:0007098,-0.47203,-0.47203
GO:0007127,0.42752,0.42752
GO:0007155,-0.79191,-1.3108
GO:0007157,0.48541,0.4373
GO:0007160,0.43467,0.77705
GO:0007165,-0.36759,-0.30988
GO:0007166,-0.12907,-0.051389
GO:0007167,0.69543,0.74364
GO:0007169,0.049884,0.21983
GO:0007173,0.37041,0.37041
GO:0007179,-0.80236,-0.74027
GO:0007186,-0.48997,0.218
GO:0007188,0.43473,0.2195
GO:0007189,-0.46353,-0.46353
GO:0007190,-0.55733,-0.55733
GO:0007193,0.83666,0.56284
GO:0007194,-0.54485,-0.44447
GO:0007200,0.085039,0.13277
GO:0007202,-0.46098,-0.46098
GO:0007204,0.54616,-0.010235
GO:0007205,0.6508,0.6508
GO:0007212,-0.36716,-0.55591
GO:0007213,-0.46557,-0.46557
GO:0007218,0.60053,0.81992
GO:0007219,0.72916,1.5657
GO:0007223,0.41709,0.84198
GO:0007224,0.49352,0.49352
GO:0007229,-0.46143,-1.1473
GO:0007249,-0.41874,-0.41874
GO:0007257,0.51331,0.51331
GO:0007259,-0.72138,-0.72138
GO:0007265,0.50755,0.46546
GO:0007266,0.39677,0.39677
GO:0007267,0.28656,0.65809
GO:0007268,-0.27876,-0.17494
GO:0007269,0.47833,0.54161
GO:0007271,0.52789,0.44945
GO:0007274,0.54793,0.54793
GO:0007276,0.14222,0.67758
GO:0007283,-0.6623,-0.65261
GO:0007286,-0.3397,-0.3397
GO:0007338,0.69557,0.69557
GO:0007346,-0.51949,-0.19186
GO:0007368,-0.8574,-0.62053
GO:0007369,1.3607,2.0013
GO:0007389,-0.17886,-0.20662
GO:0007399,-0.059449,0.28792
GO:0007411,-0.10018,0.54366
GO:0007416,0.67691,0.38075
GO:0007417,0.013045,0.61379
GO:0007420,0.027607,-0.081095
GO:0007422,-0.44817,-0.54675
GO:0007423,0.49686,0.62941
GO:0007435,-0.58274,-0.58274
GO:0007498,-0.25101,-0.60214
GO:0007507,-0.37096,-0.72934
GO:0007517,-0.33235,-0.20102
GO:0007519,0.36749,0.45317
GO:0007528,-0.44674,-0.87868
GO:0007548,-0.3825,-0.26964
GO:0007565,-1.041,-0.39137
GO:0007566,0.61726,0.61726
GO:0007568,0.070679,0.49078
GO:0007584,0.44424,0.68594
GO:0007585,0.43622,0.43622
GO:0007586,-0.38606,-0.3153
GO:0007588,0.57142,0.57142
GO:0007595,0.62494,0.93092
GO:0007596,-0.94074,0.55199
GO:0007600,0.13412,0.13176
GO:0007601,-0.25477,0.12392
GO:0007605,-0.305,-0.305
GO:0007610,-0.14469,-0.41146
GO:0007611,0.015565,-0.084646
GO:0007612,0.38722,-0.10607
GO:0007613,-0.55472,-0.37875
GO:0007616,0.46242,0.46242
GO:0007617,0.55119,0.55119
GO:0007623,-0.52485,-0.4577
GO:0007626,0.070267,-0.56151
GO:0007628,-0.42912,-0.42912
GO:0008015,0.10082,0.63659
GO:0008016,-1.1966,-1.2804
GO:0008033,-0.44128,-0.44128
GO:0008038,-0.43701,-0.43701
GO:0008064,0.41459,0.30949
GO:0008104,0.36605,0.35135
GO:0008150,-0.40638,0.50027
GO:0008202,-1.3999,-0.21155
GO:0008203,-0.87077,-1.1116
GO:0008206,0.65197,0.50464
GO:0008207,-0.70269,-0.70269
GO:0008209,0.32073,0.32073
GO:0008210,1.7106,0.27334
GO:0008211,-0.33965,-0.33965
GO:0008214,0.44083,0.44083
GO:0008217,-0.3903,-0.59301
GO:0008219,-0.19714,-0.14883
GO:0008277,0.4067,0.90911
GO:0008283,-1.1196,-1.1986
GO:0008284,0.61825,-0.30006
GO:0008285,0.39743,1.2815
GO:0008286,-0.47818,-0.47818
GO:0008347,0.55668,0.55668
GO:0008360,-0.57319,-0.40438
GO:0008361,-0.069168,0.30643
GO:0008542,-0.37506,-0.70604
GO:0008543,0.50953,0.50953
GO:0008584,0.62945,0.82142
GO:0008589,-0.38587,-0.37567
GO:0008610,-0.55523,-0.17652
GO:0008625,-0.42341,-0.42341
GO:0008637,-0.39879,-0.39879
GO:0009057,-0.67975,-0.10171
GO:0009060,0.45929,0.72825
GO:0009063,1.7243,0.22543
GO:0009065,0.74842,0.528
GO:0009066,0.66232,0.66232
GO:0009074,-0.50889,-0.50889
GO:0009117,-0.060322,0.32439
GO:0009119,-0.50228,-0.50228
GO:0009126,-0.43772,-0.43772
GO:0009130,-0.4809,-1.3608
GO:0009135,-0.67061,-0.60972
GO:0009142,0.56439,0.56439
GO:0009150,-0.022191,-0.56768
GO:0009152,-0.69962,-0.69962
GO:0009154,0.56729,0.56729
GO:0009162,0.43652,0.43652
GO:0009168,-0.4398,-0.4398
GO:0009179,-0.60413,-0.45968
GO:0009185,0.61782,0.41764
GO:0009205,-0.81495,-0.81495
GO:0009214,0.41569,0.41569
GO:0009218,0.64704,0.54347
GO:0009251,-0.65466,-0.65796
GO:0009260,-0.44766,-0.45034
GO:0009266,-0.86359,-1.352
GO:0009267,0.402,0.22521
GO:0009299,0.6508,0.6508
GO:0009309,0.43695,0.43695
GO:0009311,0.25337,0.39629
GO:0009314,0.67897,-0.32961
GO:0009394,0.73595,0.73595
GO:0009404,0.43356,0.43356
GO:0009409,-0.64912,-0.40141
GO:0009410,1.2074,-0.59379
GO:0009416,0.18251,-1.339
GO:0009451,0.40437,0.40437
GO:0009583,0.88806,0.9236
GO:0009607,1.128,1.073
GO:0009611,-0.055589,-0.29487
GO:0009612,0.63038,-0.0085537
GO:0009615,0.69651,0.28729
GO:0009617,0.85963,0.54393
GO:0009620,0.47085,0.89238
GO:0009628,0.27022,-0.55849
GO:0009636,0.73787,-0.62556
GO:0009651,0.75926,0.75926
GO:0009653,0.24102,0.32562
GO:0009712,-0.4326,-0.4326
GO:0009725,-0.70145,-0.25284
GO:0009746,0.22527,0.26453
GO:0009790,-0.066216,-0.074659
GO:0009791,-0.52286,-0.5309
GO:0009799,0.56019,0.11351
GO:0009812,0.34846,0.34846
GO:0009855,-0.49449,-0.64114
GO:0009880,-0.66734,-0.66734
GO:0009887,0.11157,-0.24592
GO:0009888,-0.10754,-0.43184
GO:0009894,0.1919,0.20374
GO:0009913,0.51964,0.51964
GO:0009914,0.42699,0.39757
GO:0009948,0.63162,0.60759
GO:0009953,-0.46155,-0.52026
GO:0009968,-0.77034,-0.091775
GO:0009988,0.39568,0.39568
GO:0010001,0.20684,0.82694
GO:0010035,0.11485,0.21255
GO:0010038,-0.0039886,-0.50776
GO:0010039,0.48976,0.48976
GO:0010042,-0.59247,-0.43731
GO:0010043,-0.024651,-0.010576
GO:0010165,0.45612,0.45612
GO:0010171,-0.72728,-1.2185
GO:0010212,0.76036,0.81649
GO:0010226,0.55044,0.55044
GO:0010256,0.54232,0.35587
GO:0010259,0.4018,0.4018
GO:0010288,0.75105,0.75105
GO:0010447,0.85296,0.85296
GO:0010453,-0.41492,-0.43914
GO:0010460,0.415,0.415
GO:0010467,0.35424,1.2971
GO:0010468,-0.36682,-0.24623
GO:0010469,0.39202,0.11031
GO:0010470,-0.64579,-0.69507
GO:0010506,0.59972,0.91749
GO:0010507,-0.52071,-0.52071
GO:0010517,-0.48763,-0.76233
GO:0010523,-0.61771,-0.61771
GO:0010543,-0.57647,-0.57647
GO:0010557,0.16318,-0.027879
GO:0010559,-0.44796,-0.54635
GO:0010564,0.63154,0.47029
GO:0010565,-0.37194,-0.13561
GO:0010569,0.49492,0.51405
GO:0010575,-0.37355,-0.37355
GO:0010591,0.58739,0.58739
GO:0010595,-0.51551,-0.47935
GO:0010605,0.12757,0.0065334
GO:0010608,-0.4803,0.15851
GO:0010613,0.62134,0.62134
GO:0010614,-0.49259,-0.5529
GO:0010628,-0.40856,-0.3329
GO:0010629,0.25635,0.24112
GO:0010632,0.51132,0.74568
GO:0010638,0.67875,-0.70116
GO:0010639,-0.62211,-0.89198
GO:0010648,0.30513,0.34142
GO:0010661,0.66138,0.66138
GO:0010666,0.57558,0.57558
GO:0010667,-0.42085,-0.42085
GO:0010677,0.41614,0.51377
GO:0010712,0.43275,0.44129
GO:0010718,-0.66701,0.68795
GO:0010721,1.1432,1.1496
GO:0010738,-0.38338,-0.38338
GO:0010744,-0.4035,-0.71552
GO:0010759,-0.57252,-0.57252
GO:0010762,0.65755,0.42642
GO:0010765,-0.33017,-0.50746
GO:0010769,-0.41315,-0.38675
GO:0010800,-0.32844,-0.65911
GO:0010803,-0.53709,-0.53709
GO:0010810,0.36195,0.28108
GO:0010817,-0.094643,0.32826
GO:0010822,-0.48632,-0.48632
GO:0010823,-0.44857,-0.44857
GO:0010830,-0.56626,-0.72743
GO:0010837,-0.43536,-0.43536
GO:0010862,0.56057,1.5116
GO:0010869,-0.44351,-0.44351
GO:0010874,-0.53414,-0.364
GO:0010880,-0.47071,-0.41091
GO:0010882,-0.50928,-0.48925
GO:0010884,-0.43276,-0.43486
GO:0010885,-0.56545,-0.54617
GO:0010888,0.47449,0.47449
GO:0010893,0.46694,0.46694
GO:0010906,-0.72867,-0.93268
GO:0010921,0.81029,1.1302
GO:0010927,0.44075,0.44075
GO:0010939,-0.76582,-0.55922
GO:0010941,0.24139,0.20003
GO:0010951,0.45188,0.45188
GO:0010959,-0.62861,-0.13727
GO:0010971,-0.58059,-0.58059
GO:0010972,0.30121,0.30121
GO:0010975,0.57418,0.60597
GO:0010976,0.03594,0.9011
GO:0014003,0.28633,0.45544
GO:0014013,0.49984,0.69308
GO:0014031,0.74729,1.4374
GO:0014048,-0.72313,-0.72313
GO:0014059,0.7447,0.57244
GO:0014061,0.29107,0.29107
GO:0014065,-0.76041,-0.76041
GO:0014068,-0.82293,-0.73092
GO:0014070,-1.224,-0.61674
GO:0014074,0.082697,-1.5574
GO:0014706,-0.52166,0.10698
GO:0014743,0.71288,0.57882
GO:0014823,0.35052,0.67197
GO:0014902,-0.58896,-0.43826
GO:0014911,-0.34979,-0.28458
GO:0014912,0.6638,0.6638
GO:0015031,-0.63202,-0.48362
GO:0015672,0.66455,0.47142
GO:0015695,0.42382,0.42382
GO:0015696,-0.63352,-0.9939
GO:0015701,-0.62987,-0.62987
GO:0015711,-0.63812,0.099135
GO:0015721,0.58617,0.58617
GO:0015800,0.63895,0.63895
GO:0015850,-0.36884,-0.2983
GO:0015908,0.46549,0.37902
GO:0015909,0.61296,0.55626
GO:0015914,-0.40924,-1.2114
GO:0015949,0.70249,0.70249
GO:0015980,0.32836,0.33722
GO:0016032,0.22158,-0.066669
GO:0016042,0.13123,0.28254
GO:0016049,-0.24543,-0.41231
GO:0016050,-0.61558,-0.44209
GO:0016051,0.85774,0.55646
GO:0016052,-0.47034,-0.090359
GO:0016055,0.11364,0.66472
GO:0016064,0.48452,0.36183
GO:0016070,-0.0058107,0.31786
GO:0016137,0.30947,0.30947
GO:0016192,-0.27739,-0.13197
GO:0016236,-0.59323,-0.66347
GO:0016239,-0.40944,-0.40944
GO:0016266,-0.25229,-0.25229
GO:0016310,-0.66864,-0.62886
GO:0016311,0.35713,0.50072
GO:0016331,-1.1483,-0.68471
GO:0016445,-0.39061,-0.31517
GO:0016477,0.86063,0.77098
GO:0016482,0.49901,0.49901
GO:0016485,-0.35929,-0.23951
GO:0016525,0.31986,0.25972
GO:0016540,-0.46601,-0.46601
GO:0016567,0.57186,0.24424
GO:0016570,-0.2972,-1.1786
GO:0016579,-0.092541,1.684
GO:0016925,0.62665,0.62665
GO:0016999,0.29537,0.29537
GO:0017085,0.42578,0.50588
GO:0017144,0.2771,0.35192
GO:0017148,-0.49542,-0.70761
GO:0017156,0.56374,0.56374
GO:0017157,0.55753,0.55753
GO:0018027,-0.55345,-0.47408
GO:0018105,-0.43966,-0.1382
GO:0018107,-0.34248,-0.78127
GO:0018108,-0.79332,-0.10788
GO:0018193,-0.10174,0.095655
GO:0018195,0.67518,0.67518
GO:0018205,0.64976,0.12572
GO:0018393,-0.73173,-0.7382
GO:0018394,-0.71491,-0.67416
GO:0018958,-0.54708,-0.54708
GO:0019048,-0.57433,-1.0007
GO:0019079,-0.4591,-0.36485
GO:0019216,0.27067,0.044492
GO:0019218,-0.29413,-0.51919
GO:0019219,-0.25045,0.076218
GO:0019221,0.32865,0.43411
GO:0019228,0.59877,0.59877
GO:0019233,-0.54706,-0.069657
GO:0019320,-0.51063,-0.33459
GO:0019359,-0.41331,-0.41331
GO:0019371,0.45986,0.45986
GO:0019372,0.4615,0.4615
GO:0019373,-0.58509,-0.58509
GO:0019377,-0.95934,-0.49878
GO:0019400,-0.55543,-0.55543
GO:0019433,-0.51493,-0.55013
GO:0019438,0.03928,-0.1935
GO:0019637,-0.21949,-0.12472
GO:0019674,0.58933,0.29147
GO:0019722,-0.50298,-0.62388
GO:0019730,-0.57338,-0.57338
GO:0019752,-0.13233,-0.52624
GO:0019884,-0.41591,-0.41591
GO:0019886,0.43174,0.43174
GO:0019915,0.425,0.425
GO:0019932,0.53943,0.3482
GO:0019941,0.38585,0.54258
GO:0019953,-0.59279,0.01968
GO:0019985,-0.52869,-0.15192
GO:0021510,-0.42045,-0.42045
GO:0021537,-0.48749,-0.52939
GO:0021545,0.36786,0.36786
GO:0021587,0.60763,0.60763
GO:0021695,0.45164,0.45164
GO:0021762,0.58325,0.58325
GO:0021766,-0.45314,-0.45314
GO:0021795,0.46045,0.46045
GO:0021872,0.64597,0.64597
GO:0021953,0.11178,0.2406
GO:0021955,0.3178,0.73726
GO:0021983,0.42203,0.42203
GO:0022011,0.462,0.56117
GO:0022037,-0.47537,-0.44996
GO:0022400,0.50903,-0.10508
GO:0022402,-0.48567,-0.43835
GO:0022408,-0.35767,-0.26396
GO:0022409,-0.41338,-0.56174
GO:0022411,-0.26128,-0.0074818
GO:0022412,-0.40066,-0.37859
GO:0022602,0.54922,0.54922
GO:0022603,0.30345,-0.21931
GO:0022604,-0.45174,-0.13778
GO:0022607,-0.14397,-0.14476
GO:0022617,0.43432,0.44126
GO:0022618,-0.3063,-1.3316
GO:0022898,-0.34305,-0.36158
GO:0022900,-0.47363,-0.37002
GO:0022904,0.53046,0.45183
GO:0023057,0.18579,0.34147
GO:0023058,0.63015,0.63015
GO:0023061,0.63979,0.29969
GO:0030001,-0.67225,-0.80941
GO:0030010,-0.46613,-0.45095
GO:0030031,0.49681,-0.22402
GO:0030036,0.2085,0.48349
GO:0030071,-0.27354,0.64952
GO:0030073,0.53149,0.51323
GO:0030097,-0.2864,0.020128
GO:0030098,0.56497,-0.065594
GO:0030099,0.43557,0.10861
GO:0030101,0.6695,0.6695
GO:0030104,-0.46303,-0.34317
GO:0030155,-0.89207,0.42107
GO:0030162,-0.24478,-0.55354
GO:0030163,-0.0090792,0.85212
GO:0030168,0.3626,-0.30777
GO:0030182,0.10489,0.15596
GO:0030183,-0.97916,-0.78149
GO:0030194,-0.74365,-0.66036
GO:0030195,-0.59341,-0.59341
GO:0030198,-0.34044,-0.33203
GO:0030212,-0.67009,-0.67009
GO:0030217,-0.78557,-1.0084
GO:0030218,0.43766,0.17614
GO:0030225,-0.54852,-0.54852
GO:0030258,0.51231,0.7476
GO:0030278,0.58433,1.0033
GO:0030282,-0.47268,-0.47268
GO:0030301,-0.56656,-0.35609
GO:0030307,0.63675,0.35262
GO:0030308,-0.45229,-0.35027
GO:0030316,0.4247,0.12232
GO:0030324,0.26121,1.1693
GO:0030334,-0.21509,-0.33674
GO:0030335,0.4957,-0.065718
GO:0030336,0.57817,1.0427
GO:0030449,-0.75304,-0.69927
GO:0030501,0.57056,-0.27318
GO:0030509,0.30252,0.35071
GO:0030512,0.68656,0.92027
GO:0030513,-0.55688,-0.43954
GO:0030514,-0.55222,0.4377
GO:0030521,0.4489,0.35359
GO:0030522,-0.55885,-0.54145
GO:0030534,0.30023,0.32872
GO:0030539,-0.50194,-0.50194
GO:0030574,0.37755,0.37755
GO:0030593,-0.48828,-0.48828
GO:0030595,0.51761,0.78297
GO:0030728,0.60639,0.60639
GO:0030832,0.49797,0.61071
GO:0030838,-0.44105,-0.44105
GO:0030850,-0.65761,-0.65761
GO:0030855,-0.50372,-0.47171
GO:0030856,0.30913,0.42593
GO:0030857,0.26234,0.26234
GO:0030865,0.84286,0.84286
GO:0030879,0.080197,-0.75769
GO:0030890,-0.45843,-0.5623
GO:0030900,0.0055313,-0.18199
GO:0030949,-0.54616,-0.54616
GO:0031000,-0.42418,-0.38934
GO:0031018,0.51286,0.51286
GO:0031032,0.20216,0.14925
GO:0031047,-0.47024,-0.47024
GO:0031057,-0.56069,-0.56069
GO:0031062,0.64112,0.64112
GO:0031063,-0.60307,-0.60307
GO:0031099,0.67411,0.45609
GO:0031103,-0.43441,-0.40122
GO:0031111,-0.42584,0.21332
GO:0031116,-0.57635,-0.56342
GO:0031128,-0.40116,-0.43668
GO:0031145,0.50388,0.50388
GO:0031146,0.54246,0.54246
GO:0031175,0.16262,-0.096347
GO:0031281,-0.49426,-0.49426
GO:0031293,0.0005827,-0.45129
GO:0031295,-0.20523,-0.26746
GO:0031327,-0.28303,-0.30257
GO:0031328,-0.22557,-0.17178
GO:0031329,-0.56717,-0.50042
GO:0031330,-0.29086,-0.16173
GO:0031331,-0.52377,0.68674
GO:0031334,0.41812,-0.30624
GO:0031345,0.093504,-0.15418
GO:0031347,0.06843,-0.51843
GO:0031349,0.31488,0.99369
GO:0031365,0.58189,0.68596
GO:0031397,-0.59063,-0.59063
GO:0031398,-0.45507,-0.44736
GO:0031400,-0.40256,-0.40304
GO:0031503,0.46826,0.18083
GO:0031532,0.55033,0.35917
GO:0031571,0.35059,0.18709
GO:0031572,0.4179,0.4179
GO:0031623,0.34327,0.55412
GO:0031638,0.76975,0.76975
GO:0031641,0.39911,0.39911
GO:0031644,-0.54709,0.065266
GO:0031645,-0.44393,-0.44393
GO:0031647,-0.41926,0.90069
GO:0031648,0.54164,0.46898
GO:0031663,-0.41478,-0.41478
GO:0031667,-0.11906,-0.73
GO:0031669,0.52353,0.50279
GO:0031954,-0.4474,-0.4474
GO:0031998,-0.76697,-0.76697
GO:0032007,-0.45465,-0.76627
GO:0032026,0.56744,0.56744
GO:0032088,0.50232,0.50232
GO:0032091,0.5637,0.79477
GO:0032092,-0.50323,-0.75574
GO:0032094,-0.41558,-0.41558
GO:0032101,0.56917,0.034197
GO:0032102,-0.30055,-0.17589
GO:0032103,0.18577,-0.86301
GO:0032147,-0.13398,0.23681
GO:0032148,-0.26888,-0.5228
GO:0032205,0.57521,0.22182
GO:0032212,0.0048448,-0.32521
GO:0032228,-0.42469,-0.94589
GO:0032259,0.60972,0.46466
GO:0032269,-0.12455,-0.29605
GO:0032305,-0.46169,-0.46354
GO:0032330,0.55392,0.93052
GO:0032350,0.35356,0.30495
GO:0032354,0.55771,0.55782
GO:0032355,0.47604,0.65584
GO:0032365,0.54925,0.54925
GO:0032369,0.4824,0.60895
GO:0032376,0.78316,0.75327
GO:0032386,-0.54218,-0.58679
GO:0032387,0.46672,0.55466
GO:0032410,0.25485,0.25485
GO:0032411,-0.52358,-0.5257
GO:0032435,-0.48003,-0.48003
GO:0032436,-0.47767,-0.16176
GO:0032460,0.39601,0.6437
GO:0032461,-0.5331,-0.5331
GO:0032462,-0.44146,0.38461
GO:0032467,0.33011,0.3349
GO:0032469,-0.46185,-0.46185
GO:0032495,0.87357,0.87357
GO:0032496,-0.24343,-0.11739
GO:0032508,-0.69058,-0.3261
GO:0032515,-0.42298,-0.42298
GO:0032516,-0.47981,-0.47981
GO:0032570,-0.6129,-0.6129
GO:0032651,0.55778,0.55778
GO:0032656,0.49763,0.49754
GO:0032674,-0.5214,-0.50972
GO:0032675,0.38721,0.38721
GO:0032682,0.47387,0.47387
GO:0032689,0.51951,0.51951
GO:0032692,0.48147,0.48147
GO:0032715,-0.48158,-0.48158
GO:0032720,-0.62802,-0.62802
GO:0032722,0.12181,0.12181
GO:0032727,0.49143,0.1469
GO:0032728,-0.74319,0.44304
GO:0032729,-0.40985,-0.40985
GO:0032733,-0.62204,-0.62204
GO:0032735,0.3638,0.3638
GO:0032740,-0.46772,-0.46772
GO:0032753,-0.43837,-0.43837
GO:0032757,-0.37226,-0.22897
GO:0032760,-0.60215,-0.60215
GO:0032787,0.38516,0.66686
GO:0032793,0.48082,0.48082
GO:0032869,-0.16667,-0.26931
GO:0032870,0.025631,-0.22624
GO:0032872,-1.2235,0.1462
GO:0032891,-0.53642,-0.53593
GO:0032922,0.64636,0.64636
GO:0032924,-0.65912,0.38788
GO:0032930,0.45271,0.45271
GO:0032940,0.32837,0.36522
GO:0032945,-0.1637,-0.46182
GO:0032967,-0.39996,-0.33527
GO:0032970,-0.27426,-0.40353
GO:0033003,-0.64446,-0.64446
GO:0033014,0.45749,0.45749
GO:0033033,-0.40203,-0.40203
GO:0033043,-0.92287,0.080385
GO:0033044,-0.94502,-1.1978
GO:0033081,0.46837,0.48496
GO:0033138,-0.54599,-0.68313
GO:0033146,-0.48649,-0.43769
GO:0033189,-0.63031,-0.2248
GO:0033209,0.51556,0.51556
GO:0033273,-0.13319,-0.37278
GO:0033280,0.54846,0.54846
GO:0033365,-0.65926,-0.27396
GO:0033500,0.60404,0.32592
GO:0033554,-0.15373,-0.1349
GO:0033574,0.5342,0.76905
GO:0033604,0.51911,0.51911
GO:0033627,-0.28626,-0.52784
GO:0033628,-0.55265,-0.84947
GO:0033688,0.49555,0.49555
GO:0033692,-0.59653,-0.62614
GO:0033993,0.10844,0.39542
GO:0034030,-0.52753,-0.52753
GO:0034033,0.42318,0.42318
GO:0034097,-0.48345,-0.64391
GO:0034104,0.50017,0.50017
GO:0034105,-0.76256,-1.0318
GO:0034110,-0.43345,-0.43345
GO:0034113,0.47277,0.47277
GO:0034114,-0.57589,-0.57589
GO:0034122,-0.52101,-0.52101
GO:0034123,0.4611,0.60916
GO:0034142,-0.7815,-0.7815
GO:0034162,-0.51809,-0.51809
GO:0034198,0.39862,0.39862
GO:0034220,-0.10233,-0.44509
GO:0034260,-0.43003,-0.43003
GO:0034312,0.52827,0.52827
GO:0034330,-0.36539,-0.55466
GO:0034333,-0.47953,-0.46487
GO:0034369,-0.50472,-0.292
GO:0034377,0.455,0.82809
GO:0034383,-0.41158,-0.4775
GO:0034391,0.44758,0.38413
GO:0034401,-0.76745,-0.76745
GO:0034405,0.51093,0.51093
GO:0034440,-0.43302,-0.43302
GO:0034446,0.45727,0.45727
GO:0034502,0.40242,-0.29238
GO:0034599,0.71746,0.4526
GO:0034605,0.43332,0.3228
GO:0034613,-0.4161,-1.3788
GO:0034614,-0.22345,-0.19689
GO:0034620,0.70527,0.14381
GO:0034622,-0.5733,-0.82085
GO:0034644,-0.34753,-0.85909
GO:0034645,0.49016,0.58204
GO:0034654,-0.062764,0.1849
GO:0034655,0.42702,0.61149
GO:0034656,-0.35929,-0.10878
GO:0034754,-1.1625,-0.2742
GO:0034762,-0.18276,-0.32717
GO:0034765,-0.46157,-0.36155
GO:0034976,0.3244,0.62707
GO:0035019,-0.47705,-0.47705
GO:0035023,0.50633,0.61385
GO:0035050,-0.48361,-0.30177
GO:0035066,0.45946,0.45946
GO:0035094,0.61171,0.61171
GO:0035107,-0.45848,-0.46694
GO:0035108,-0.56678,-0.90739
GO:0035162,-0.50815,-0.50815
GO:0035176,-0.50861,0.14867
GO:0035235,-0.60776,-0.89379
GO:0035239,-0.57039,-0.98192
GO:0035264,0.65075,0.4863
GO:0035272,0.42985,0.27741
GO:0035295,0.21104,-0.044558
GO:0035306,-0.45869,-0.42571
GO:0035329,-0.49151,-0.49151
GO:0035335,0.65224,0.65224
GO:0035383,0.50365,0.50365
GO:0035384,-0.51965,-0.51965
GO:0035404,-0.49972,-0.49972
GO:0035418,-0.66523,-0.55334
GO:0035556,-0.29987,0.053244
GO:0035584,-0.42882,-0.43305
GO:0035589,0.47263,0.47263
GO:0035601,0.35441,0.32933
GO:0035637,0.54622,0.27386
GO:0035640,-0.49504,-0.55226
GO:0035666,0.48579,0.48579
GO:0035690,0.38134,0.53466
GO:0035722,0.40719,0.40719
GO:0035723,-0.50547,-0.50547
GO:0035725,0.48178,0.44669
GO:0035729,-0.63076,-0.63076
GO:0035774,0.40623,0.40623
GO:0035809,-0.47269,-0.47269
GO:0035813,0.73619,0.73619
GO:0035864,-0.35543,-0.37339
GO:0035902,-0.44282,-0.61668
GO:0035904,0.52071,0.52071
GO:0035966,0.26067,0.46102
GO:0035967,-0.35795,-0.18169
GO:0035970,-0.61451,-0.61451
GO:0035987,1.2147,0.64684
GO:0035994,0.48779,0.48196
GO:0036003,0.57961,0.41405
GO:0036148,-0.47168,-0.47168
GO:0036151,0.42317,0.42317
GO:0036152,-0.4135,-0.4135
GO:0036230,0.45405,0.47951
GO:0036473,-0.4617,-0.4617
GO:0036498,-0.60591,-0.60591
GO:0038061,-0.52834,-0.52834
GO:0038083,0.44579,0.65528
GO:0038084,1.0111,0.27562
GO:0038095,-0.51607,-0.51607
GO:0038096,-0.56163,0.5047
GO:0038110,-0.53034,-0.53034
GO:0038128,0.59521,0.33354
GO:0040008,0.40265,0.22842
GO:0040011,0.37936,0.00054646
GO:0040012,0.42681,-0.11666
GO:0040018,0.32892,0.32892
GO:0040019,-0.68874,-0.68874
GO:0040020,-0.44175,-0.44175
GO:0040029,0.31701,0.40722
GO:0042035,0.32824,0.32824
GO:0042036,-0.48854,-0.48854
GO:0042053,-0.42943,-0.42943
GO:0042059,0.42521,0.42521
GO:0042060,0.32172,-0.35251
GO:0042088,-0.47334,-0.47334
GO:0042093,-0.45869,-0.45869
GO:0042098,0.87595,0.47299
GO:0042100,0.50225,0.55036
GO:0042102,-0.57452,-0.0031158
GO:0042104,0.45701,0.36697
GO:0042110,-0.49847,-0.51604
GO:0042119,0.74901,0.2136
GO:0042127,-0.22848,-0.19111
GO:0042130,0.78068,0.61931
GO:0042135,-0.51021,-0.50374
GO:0042136,0.39129,0.33646
GO:0042149,0.54707,0.54707
GO:0042157,-0.052964,0.8084
GO:0042176,-0.20242,-0.53615
GO:0042177,-0.80707,-0.80707
GO:0042220,-0.78541,-0.47982
GO:0042254,-0.7604,-1.0508
GO:0042304,-0.50161,-0.50161
GO:0042307,-0.40453,-0.40453
GO:0042310,0.56784,0.45501
GO:0042311,0.30108,0.30108
GO:0042359,-0.3916,-0.48634
GO:0042391,-0.135,-0.25686
GO:0042398,0.47629,0.47629
GO:0042402,0.71876,0.71876
GO:0042417,0.40969,0.40969
GO:0042423,-0.37586,-0.37586
GO:0042445,-0.098174,-0.58659
GO:0042446,-3.083,-0.40754
GO:0042447,-0.94163,-0.42136
GO:0042461,0.56685,0.56685
GO:0042472,0.16857,0.16857
GO:0042475,0.39342,0.39342
GO:0042493,-0.095499,-0.098688
GO:0042531,-0.69765,-0.56716
GO:0042534,0.56442,0.56442
GO:0042537,-0.40872,-0.40872
GO:0042572,0.51076,0.51076
GO:0042573,-0.49158,-0.49158
GO:0042593,1.0087,0.11961
GO:0042632,0.36465,0.41717
GO:0042633,0.40637,0.35824
GO:0042733,-0.49113,-0.49113
GO:0042737,-0.54116,-0.30038
GO:0042742,-0.26918,-0.32901
GO:0042743,-0.47608,-0.47608
GO:0042752,0.67559,0.67559
GO:0042755,1.1761,0.49452
GO:0042759,-0.36641,-0.36641
GO:0042762,-0.57857,-0.57857
GO:0042771,0.5889,0.50917
GO:0042832,-0.78048,-0.5829
GO:0042981,-0.21896,-0.31005
GO:0043009,-0.64012,-0.56583
GO:0043010,-0.48255,1.4812
GO:0043029,0.92583,0.50194
GO:0043032,0.65535,0.65535
GO:0043038,-0.42501,-0.4246
GO:0043043,0.42843,-0.59073
GO:0043044,-0.4149,-0.4149
GO:0043065,0.11922,-0.16859
GO:0043066,0.25045,-0.029224
GO:0043085,-0.26144,-0.3161
GO:0043086,0.42303,0.46577
GO:0043101,0.39514,0.39514
GO:0043113,-0.64265,-1.1226
GO:0043114,0.51281,0.51281
GO:0043123,-0.54519,-0.73652
GO:0043124,-0.5735,-1.0265
GO:0043154,-0.57506,-0.57506
GO:0043174,0.43804,0.43804
GO:0043244,-0.48528,-0.49299
GO:0043252,0.64522,0.64522
GO:0043254,0.27602,1.2416
GO:0043269,-0.26996,-0.11571
GO:0043270,0.16448,0.95176
GO:0043277,-0.45378,-0.45378
GO:0043278,0.46975,0.55907
GO:0043279,-0.29528,-0.4367
GO:0043281,0.2292,-0.39309
GO:0043302,0.57299,0.57299
GO:0043303,-0.45593,-0.45593
GO:0043304,-0.73171,-0.73171
GO:0043312,0.14071,0.12469
GO:0043330,0.5109,0.35587
GO:0043367,0.45436,0.45436
GO:0043368,0.57579,0.77211
GO:0043370,-0.63353,-0.63353
GO:0043392,0.62417,0.56886
GO:0043393,0.77714,0.98626
GO:0043401,-0.29485,-0.25499
GO:0043403,-0.63504,-0.63504
GO:0043406,0.71582,0.29448
GO:0043407,0.57386,0.57386
GO:0043408,-0.14496,-0.40879
GO:0043409,-0.44413,-0.44413
GO:0043410,0.1549,-0.10444
GO:0043413,-0.46964,-0.33621
GO:0043434,1.007,0.56187
GO:0043457,0.35288,0.077926
GO:0043462,-0.62507,-0.62507
GO:0043467,-0.36782,0.9424
GO:0043470,0.63069,0.099778
GO:0043473,0.56987,0.31914
GO:0043484,0.48448,0.54243
GO:0043488,-0.66809,-0.67257
GO:0043491,-0.30404,-0.30404
GO:0043500,0.66641,0.66641
GO:0043506,0.33715,0.57445
GO:0043516,0.51881,0.80225
GO:0043523,-0.45032,-0.82835
GO:0043524,-0.24672,-0.97561
GO:0043525,-0.45892,-0.45892
GO:0043534,-0.48453,-0.3798
GO:0043537,-0.54697,-0.57156
GO:0043543,0.39644,0.36374
GO:0043547,0.34972,0.52579
GO:0043552,0.44348,0.48113
GO:0043567,0.70869,0.70869
GO:0043576,0.62778,0.10594
GO:0043583,0.43552,-0.060497
GO:0043588,0.26206,-0.42675
GO:0043603,0.35989,-0.014035
GO:0043604,-0.35986,0.51483
GO:0043620,-0.4079,-0.49661
GO:0043624,-0.39098,-0.39098
GO:0043627,0.45984,0.78766
GO:0043647,0.32683,1.6153
GO:0043651,-0.50142,-0.45963
GO:0043687,0.342,1.0829
GO:0043900,0.039645,0.31612
GO:0043901,-0.96432,-0.33042
GO:0043902,-0.97479,-1.2781
GO:0043903,-0.5142,-0.69489
GO:0043921,0.55375,0.55256
GO:0043933,0.16391,0.00096893
GO:0043950,-0.48056,-0.49559
GO:0043951,0.46548,0.46548
GO:0043954,0.43642,0.43642
GO:0043966,0.47416,0.47416
GO:0043967,-0.46686,-0.44183
GO:0044030,0.40667,0.40667
GO:0044057,-0.17241,0.24676
GO:0044058,-1.5218,-0.65349
GO:0044060,-0.54518,-0.48582
GO:0044068,0.45088,0.54491
GO:0044087,0.11617,-0.53186
GO:0044088,-0.52388,-0.52388
GO:0044089,-0.65436,0.70011
GO:0044092,-0.33551,0.42113
GO:0044093,-0.2421,-0.2841
GO:0044242,0.32798,0.36203
GO:0044247,0.062984,-0.43951
GO:0044248,-0.53172,-0.038841
GO:0044249,0.24815,0.15681
GO:0044255,0.34509,-0.48098
GO:0044257,-0.51836,-0.20401
GO:0044262,-0.2551,-0.39319
GO:0044265,0.36726,0.67706
GO:0044271,-0.57319,-0.51165
GO:0044272,-0.46075,-0.46075
GO:0044273,-0.5778,-0.5778
GO:0044282,-0.023945,0.070411
GO:0044283,0.25664,0.2029
GO:0044320,-0.45896,-0.17659
GO:0044409,0.76328,-0.14695
GO:0044703,-0.095594,-0.32992
GO:0044772,0.10889,0.58636
GO:0044773,0.58375,0.62205
GO:0044782,0.60975,0.30056
GO:0044783,-0.68121,-0.097971
GO:0044819,-0.4958,-0.51779
GO:0045055,-0.074442,-0.73217
GO:0045061,-0.44256,-0.53925
GO:0045070,-0.39548,-0.39548
GO:0045071,0.45052,0.45052
GO:0045086,0.51191,0.51191
GO:0045087,0.32807,0.026766
GO:0045088,0.80557,0.3339
GO:0045124,0.41525,0.34209
GO:0045165,-0.36888,-0.60381
GO:0045185,0.60191,0.60191
GO:0045187,0.4199,0.4199
GO:0045321,-0.45834,-0.48695
GO:0045408,-0.50212,-0.50212
GO:0045429,0.59374,0.24986
GO:0045444,0.43353,0.50106
GO:0045445,-0.53033,-0.55068
GO:0045446,0.49261,1.1675
GO:0045453,-0.57281,-0.57281
GO:0045454,-0.57006,-0.57006
GO:0045471,-0.37852,1.0737
GO:0045540,-0.6237,-0.35489
GO:0045576,-0.6096,-0.6096
GO:0045577,0.57684,0.57684
GO:0045581,-0.5721,-0.5721
GO:0045589,-0.3329,-0.3329
GO:0045596,-0.14429,-0.22026
GO:0045597,0.8023,0.6851
GO:0045599,-0.42467,-0.42467
GO:0045600,-0.65269,-0.65269
GO:0045601,-0.52233,-0.52233
GO:0045606,-0.5561,-0.5561
GO:0045616,-0.54656,-0.54656
GO:0045621,0.47346,0.51424
GO:0045624,0.44452,0.44452
GO:0045637,0.4044,0.63524
GO:0045639,0.39968,0.58418
GO:0045648,-0.45142,-0.45142
GO:0045649,0.51747,0.23274
GO:0045652,0.44337,0.99329
GO:0045661,0.63791,0.63666
GO:0045664,-0.48964,0.39651
GO:0045665,-0.075332,0.073848
GO:0045668,-0.46985,-0.32771
GO:0045669,0.4618,0.43114
GO:0045672,-0.52265,-0.52265
GO:0045686,0.41336,0.22298
GO:0045722,0.48129,0.48129
GO:0045727,0.47276,0.87125
GO:0045732,-0.82223,-1.1532
GO:0045736,0.58136,0.58136
GO:0045737,0.82337,0.48999
GO:0045739,0.42433,0.42433
GO:0045740,0.53859,0.46248
GO:0045742,0.47225,0.47225
GO:0045745,0.4498,0.4498
GO:0045746,-0.44688,-0.44688
GO:0045747,-0.65768,-0.91342
GO:0045765,-0.35875,-0.30838
GO:0045766,0.70014,0.67044
GO:0045773,-0.38349,-0.53627
GO:0045776,0.69114,0.50699
GO:0045777,0.67531,0.67531
GO:0045785,-0.63955,1.4283
GO:0045786,-0.56668,-0.52267
GO:0045787,-0.54432,-0.44623
GO:0045806,-0.59142,-0.1888
GO:0045815,0.45588,0.47186
GO:0045821,-0.47972,-0.47972
GO:0045822,0.45162,0.45162
GO:0045824,-0.14133,-0.5787
GO:0045830,-0.45239,-0.70229
GO:0045834,0.63157,0.40926
GO:0045839,-0.52552,-0.2391
GO:0045840,-0.48198,-0.31025
GO:0045844,-0.38831,-0.34035
GO:0045860,-0.31688,-0.45675
GO:0045861,-1.9675,-0.86573
GO:0045862,0.58471,0.70771
GO:0045892,0.38827,0.12966
GO:0045893,0.73365,0.22232
GO:0045907,0.4737,0.4737
GO:0045913,-0.52979,-0.033997
GO:0045921,-0.6888,-0.6888
GO:0045923,0.44436,0.44436
GO:0045926,-0.30227,-0.98851
GO:0045927,-0.44685,0.033807
GO:0045930,0.50001,-0.17711
GO:0045931,0.55411,-0.085364
GO:0045934,0.66852,-0.49974
GO:0045935,1.5823,-0.1784
GO:0045936,0.15631,-0.050299
GO:0045937,-0.35228,-0.21385
GO:0045944,-0.58995,-0.22536
GO:0045987,-0.45803,-0.54015
GO:0046058,-0.56395,-0.56395
GO:0046112,-0.58308,-0.56721
GO:0046129,0.53325,0.53325
GO:0046134,0.44729,0.39049
GO:0046135,0.4389,0.594
GO:0046164,0.33797,0.41914
GO:0046165,0.1465,0.33251
GO:0046209,0.73335,0.73335
GO:0046326,-0.58523,-0.58523
GO:0046329,0.55515,0.55515
GO:0046330,-0.01849,-0.31708
GO:0046364,0.40269,0.40269
GO:0046394,-0.22214,-0.7117
GO:0046395,-0.4275,0.41236
GO:0046457,-0.56025,-0.56025
GO:0046461,-0.47582,-0.53709
GO:0046467,0.36947,0.36947
GO:0046474,-0.19786,-0.5561
GO:0046475,0.39264,0.39264
GO:0046486,-1.5884,-1.4219
GO:0046513,-0.4894,-0.4894
GO:0046514,-0.4681,-0.50805
GO:0046545,0.53316,0.53316
GO:0046579,0.45842,1.2813
GO:0046580,-0.44231,-0.82715
GO:0046605,0.46024,0.46024
GO:0046621,0.41435,0.41435
GO:0046622,0.31618,0.37937
GO:0046627,0.37896,0.37896
GO:0046628,-0.45822,-0.45822
GO:0046638,-0.52594,-0.52594
GO:0046641,0.435,0.435
GO:0046649,-0.8552,-1.1556
GO:0046661,-0.55342,-0.58569
GO:0046676,-0.4619,-0.48929
GO:0046677,-0.93277,0.47198
GO:0046683,-0.30279,-0.14414
GO:0046688,0.21007,0.71514
GO:0046697,-0.66426,-0.66426
GO:0046718,0.50912,0.77026
GO:0046777,0.46883,0.09354
GO:0046827,0.49136,0.49136
GO:0046835,-0.64658,-0.67731
GO:0046854,-0.38647,-0.38647
GO:0046879,0.49752,0.47505
GO:0046886,-0.41635,-0.41635
GO:0046887,-0.38659,-0.52437
GO:0046888,-0.51315,-0.50166
GO:0046890,0.41818,0.83612
GO:0046903,-0.21425,-0.21914
GO:0046907,0.36208,0.53639
GO:0046939,0.59423,0.31302
GO:0046942,0.39944,0.45698
GO:0046949,-0.38333,-0.38333
GO:0047496,0.53941,0.53941
GO:0048008,0.73315,0.73315
GO:0048010,0.40394,0.36163
GO:0048011,-0.47094,-0.47094
GO:0048013,-0.67165,-0.92672
GO:0048143,0.46668,0.46668
GO:0048146,-0.51599,-0.32331
GO:0048167,0.29031,0.77444
GO:0048169,0.48605,0.29132
GO:0048208,0.4687,0.4687
GO:0048255,-0.574,-0.574
GO:0048259,-0.45547,-1.5336
GO:0048265,-0.96848,-0.41154
GO:0048286,0.48622,0.48622
GO:0048333,0.63678,0.9597
GO:0048468,0.019444,-0.056667
GO:0048469,-0.34151,-1.2417
GO:0048489,-0.44676,-0.44676
GO:0048511,-0.73405,-0.56812
GO:0048512,-0.19793,-0.19793
GO:0048513,0.27986,0.43847
GO:0048520,-1.1897,-0.46121
GO:0048536,0.46499,0.46499
GO:0048538,0.57637,0.53992
GO:0048545,-0.20881,-0.66778
GO:0048546,0.36236,0.36236
GO:0048562,-0.46509,-0.18037
GO:0048566,-0.6631,-0.6631
GO:0048568,-0.13565,-0.60301
GO:0048585,-0.18648,-0.22081
GO:0048589,0.53159,0.55899
GO:0048598,-0.71639,-0.060284
GO:0048599,0.45013,0.45013
GO:0048608,0.3996,0.21511
GO:0048609,0.13817,0.28473
GO:0048634,0.47291,1.0057
GO:0048638,0.13439,-0.19826
GO:0048639,0.015142,0.16428
GO:0048641,-0.47788,-0.72672
GO:0048644,-0.41029,-0.55359
GO:0048645,0.59675,0.59675
GO:0048646,-0.45137,0.32529
GO:0048661,-0.41474,-0.6749
GO:0048663,0.43369,0.063225
GO:0048666,-0.22021,-0.59248
GO:0048667,0.016548,-0.10415
GO:0048679,-0.64182,-0.77129
GO:0048701,-0.6627,-0.44184
GO:0048705,0.7247,0.13042
GO:0048706,0.27522,0.54433
GO:0048710,-0.6797,-0.95971
GO:0048714,0.48177,0.48177
GO:0048729,0.075812,0.076835
GO:0048730,0.51914,0.51914
GO:0048732,-0.59541,0.65355
GO:0048736,0.21289,0.43607
GO:0048747,-0.63654,-0.89501
GO:0048754,-0.52279,-0.20898
GO:0048771,-0.60854,-0.3334
GO:0048812,0.53004,0.38219
GO:0048813,0.53402,0.37889
GO:0048844,0.31479,0.29107
GO:0048864,0.70669,0.54381
GO:0048871,-0.31811,-0.89383
GO:0048872,0.45187,0.25889
GO:0048873,0.36412,0.64752
GO:0048880,0.64622,0.63628
GO:0050427,0.46813,0.46813
GO:0050435,0.59769,0.59624
GO:0050482,0.37899,0.75246
GO:0050663,0.5248,0.5248
GO:0050670,0.55354,0.68266
GO:0050678,0.59229,0.35997
GO:0050679,0.36214,-0.14843
GO:0050684,-0.44136,-0.45208
GO:0050688,0.48527,-0.27489
GO:0050708,-0.43762,-0.48279
GO:0050710,0.50588,0.30823
GO:0050714,0.55832,1.354
GO:0050715,0.4128,0.56076
GO:0050718,-0.74221,-0.74221
GO:0050727,0.49533,0.88239
GO:0050728,-0.58132,0.16006
GO:0050729,0.35118,0.65724
GO:0050731,-1.1727,0.35501
GO:0050732,0.42893,0.42893
GO:0050766,-0.45733,-0.34753
GO:0050767,-0.034608,0.28359
GO:0050769,0.49964,0.16643
GO:0050771,-0.70636,-0.63197
GO:0050777,-0.89672,0.1805
GO:0050778,0.18949,0.070219
GO:0050790,0.37604,0.3663
GO:0050796,0.039326,-0.58387
GO:0050801,0.21476,0.15832
GO:0050804,0.62567,-2.5829
GO:0050805,-0.77905,-0.31625
GO:0050806,0.47781,-0.10091
GO:0050807,0.35014,0.38997
GO:0050808,-0.42115,0.60333
GO:0050818,0.39357,0.34747
GO:0050821,-0.73545,0.24801
GO:0050829,-0.42019,-0.42019
GO:0050830,0.524,0.524
GO:0050849,-0.59301,-0.59301
GO:0050850,0.60427,0.60427
GO:0050852,0.2519,0.60305
GO:0050853,0.51207,0.51207
GO:0050855,0.43383,0.43383
GO:0050856,0.42409,0.42348
GO:0050857,-0.90381,-0.90381
GO:0050858,0.50631,0.50631
GO:0050863,-0.61577,-0.37087
GO:0050866,0.70935,0.44752
GO:0050867,-0.50731,-0.4268
GO:0050869,-0.45643,-0.45643
GO:0050870,0.88455,1.4688
GO:0050877,-0.26536,-0.13361
GO:0050878,0.88439,-0.66715
GO:0050885,-0.70727,-0.38707
GO:0050892,-0.63568,-0.63568
GO:0050900,0.29147,0.96865
GO:0050901,0.50943,0.50943
GO:0050906,-0.24099,0.54136
GO:0050912,0.71579,0.46837
GO:0050913,-0.49085,-0.49085
GO:0050918,0.46682,0.44938
GO:0050922,-0.28932,-0.406
GO:0050927,-0.44735,-0.5636
GO:0050951,0.12159,0.44066
GO:0050965,0.43737,0.43737
GO:0050966,-0.48037,-0.93714
GO:0050995,0.74012,0.74012
GO:0050996,0.59676,0.59676
GO:0051000,-0.41316,-0.63457
GO:0051004,0.4087,0.74468
GO:0051023,-0.53158,-0.53158
GO:0051028,0.50038,0.41924
GO:0051043,-0.4837,-0.57904
GO:0051048,0.19394,0.18109
GO:0051050,-0.47066,-0.43336
GO:0051051,0.50597,0.57166
GO:0051052,0.47267,0.64511
GO:0051054,-0.16349,1.3486
GO:0051055,-0.35457,-0.35457
GO:0051056,0.53132,-0.090149
GO:0051090,0.083002,0.1216
GO:0051091,0.63286,0.51183
GO:0051092,0.66198,0.67563
GO:0051093,-0.030381,-0.44016
GO:0051094,-0.00036348,0.31283
GO:0051098,0.3657,0.3069
GO:0051099,0.68098,0.65041
GO:0051101,-0.6357,-0.65855
GO:0051128,-0.083709,-0.19301
GO:0051129,-0.45765,0.78578
GO:0051130,-0.58015,0.57554
GO:0051145,-0.51125,-0.92169
GO:0051146,0.31378,0.28233
GO:0051150,-0.43014,-0.43014
GO:0051154,0.55703,0.32668
GO:0051155,-0.63312,-0.63312
GO:0051168,-0.64442,-0.64442
GO:0051180,-0.51844,-0.51844
GO:0051181,-0.46297,-0.46297
GO:0051186,-0.39784,-0.54363
GO:0051187,0.48682,-0.23502
GO:0051188,0.60499,0.60499
GO:0051193,-0.39432,-0.4375
GO:0051209,-0.33225,-0.7939
GO:0051222,-0.30319,0.66927
GO:0051223,-0.43963,0.36281
GO:0051224,-0.55606,-0.040154
GO:0051236,-0.54419,-1.1629
GO:0051240,-0.14736,0.32113
GO:0051241,-0.78477,-0.16326
GO:0051249,0.032902,0.074412
GO:0051252,0.3129,0.38828
GO:0051258,0.63097,0.63097
GO:0051259,0.86025,-0.32035
GO:0051260,0.28033,0.26958
GO:0051272,0.40037,0.18812
GO:0051276,-0.35594,0.050134
GO:0051281,-0.55918,-0.72286
GO:0051282,0.61808,0.77096
GO:0051289,0.28665,-0.09216
GO:0051291,-0.47654,-0.47654
GO:0051301,1.1954,0.01181
GO:0051302,-0.70199,-0.7624
GO:0051303,0.47915,0.47915
GO:0051336,-0.266,-0.82226
GO:0051345,0.27417,0.37972
GO:0051346,0.94309,0.23942
GO:0051354,0.75226,0.75226
GO:0051384,-0.44451,-0.8253
GO:0051385,0.42653,1.26
GO:0051402,-0.52964,-0.78169
GO:0051403,-0.40417,-0.40417
GO:0051438,0.42548,0.44732
GO:0051453,0.45718,0.45718
GO:0051482,0.42093,0.42093
GO:0051489,-0.66968,-1.2894
GO:0051493,0.25041,0.58195
GO:0051495,-0.38601,-1.0059
GO:0051496,-0.53784,-0.034631
GO:0051568,-0.16483,-0.16483
GO:0051570,0.57873,0.57873
GO:0051590,-0.6209,-0.6209
GO:0051602,0.77569,0.47002
GO:0051606,0.17421,0.034156
GO:0051607,0.30809,0.46815
GO:0051641,0.45797,1.6029
GO:0051646,-0.60173,-0.96596
GO:0051649,-0.34837,-0.29834
GO:0051656,-0.76239,-0.41755
GO:0051674,0.86407,-1.5641
GO:0051707,0.3388,0.46299
GO:0051709,-0.36357,-0.56322
GO:0051726,0.11593,0.1168
GO:0051770,-0.45078,-0.45078
GO:0051851,-0.58113,-0.58114
GO:0051894,0.51652,0.85696
GO:0051897,-0.69387,-0.49721
GO:0051898,0.36091,0.36091
GO:0051900,0.46132,0.46132
GO:0051924,0.64755,0.25242
GO:0051928,0.49247,0.20591
GO:0051930,0.33726,0.55234
GO:0051937,1.265,0.62856
GO:0051952,0.28944,0.38619
GO:0051957,-0.50816,-0.50816
GO:0051961,0.098446,0.49672
GO:0051965,0.49615,0.22877
GO:0051968,0.60845,0.60845
GO:0051969,-0.62061,-0.24352
GO:0051973,0.17121,0.66617
GO:0052547,0.24623,0.078066
GO:0052695,0.48335,0.43474
GO:0055010,-0.60607,0.4206
GO:0055013,0.48239,0.65119
GO:0055017,-0.61458,-0.61458
GO:0055022,0.64088,0.64088
GO:0055024,0.28979,0.57271
GO:0055025,-0.54618,-0.057057
GO:0055078,0.2872,0.30201
GO:0055080,-0.5347,-0.19023
GO:0055082,-0.18951,-0.47338
GO:0055083,0.62673,0.62673
GO:0055085,0.11623,0.37058
GO:0055089,-0.48377,-0.48377
GO:0055093,-0.45551,-0.41582
GO:0055114,0.3269,0.35755
GO:0055123,-0.50602,-0.51364
GO:0060021,0.64539,0.65392
GO:0060042,-0.68556,-0.68556
GO:0060045,0.62922,0.32854
GO:0060048,-0.44706,-0.20724
GO:0060071,-0.54976,-0.54976
GO:0060079,0.57913,0.64728
GO:0060113,0.49878,0.49878
GO:0060134,0.54168,0.54168
GO:0060135,-0.8502,-0.42554
GO:0060142,0.52889,0.52889
GO:0060149,0.4632,0.4632
GO:0060173,-0.56296,-0.64243
GO:0060249,0.4521,0.79883
GO:0060252,0.5531,0.5531
GO:0060259,-0.44704,-0.38154
GO:0060291,-0.43321,-0.43321
GO:0060306,-1.4947,-0.95642
GO:0060317,0.55953,0.60946
GO:0060325,0.59362,0.99252
GO:0060333,0.39956,0.45729
GO:0060334,-0.026406,-0.34048
GO:0060337,0.35976,0.35976
GO:0060338,0.5555,0.5555
GO:0060341,-0.16435,-0.30789
GO:0060348,0.55635,0.093117
GO:0060359,-0.3811,0.48118
GO:0060395,0.38195,0.38195
GO:0060396,-0.50833,-0.50833
GO:0060401,0.52008,0.84162
GO:0060402,0.30345,0.79985
GO:0060412,0.43121,0.42594
GO:0060415,-0.2258,-0.31079
GO:0060425,0.45359,0.5992
GO:0060429,-0.046417,0.65933
GO:0060443,0.29223,0.51283
GO:0060444,0.54136,0.54136
GO:0060485,-0.54563,0.54076
GO:0060548,-0.20126,-0.26885
GO:0060562,0.36501,1.1079
GO:0060612,0.54009,0.54009
GO:0060627,0.76064,0.5493
GO:0060669,0.48422,0.45242
GO:0060688,0.28757,0.28757
GO:0060711,-0.50604,-0.50604
GO:0060732,0.53648,0.53648
GO:0060749,-0.4252,-0.4252
GO:0060828,-0.47967,-0.53941
GO:0060967,0.51801,0.51801
GO:0060976,0.74637,0.026242
GO:0060993,0.59139,0.59139
GO:0060996,-0.51241,-0.63587
GO:0060999,0.47869,0.61142
GO:0061001,0.39657,0.38557
GO:0061024,-0.61779,-0.28349
GO:0061025,-0.54878,-0.54878
GO:0061028,0.48787,0.48787
GO:0061036,-0.46595,-0.46595
GO:0061041,0.60793,0.24348
GO:0061050,0.60177,0.60177
GO:0061061,-0.32486,0.29137
GO:0061077,0.55236,0.55236
GO:0061098,-0.77273,0.12483
GO:0061136,0.45633,0.54301
GO:0061311,-0.53677,0.0014753
GO:0061333,-0.42472,-0.42472
GO:0061351,0.63615,0.63615
GO:0061384,0.58702,1.579
GO:0061387,0.071149,-0.39115
GO:0061418,0.51288,0.6194
GO:0061437,-0.44414,-0.44414
GO:0061515,0.72368,1.0791
GO:0061564,0.3321,0.29918
GO:0061621,-0.59719,-0.30388
GO:0061647,0.36891,0.47971
GO:0062012,0.29825,-0.49099
GO:0062013,-0.62555,-0.042091
GO:0062014,0.6738,0.25696
GO:0065003,0.67741,0.32977
GO:0070050,0.66308,0.84442
GO:0070059,-0.44121,-0.44121
GO:0070076,0.78311,0.78311
GO:0070098,-0.38871,-0.38871
GO:0070168,0.73075,0.126
GO:0070207,-0.45864,-0.43181
GO:0070229,0.47106,0.47106
GO:0070230,-0.59988,-0.60006
GO:0070232,0.56881,0.57093
GO:0070266,-0.52302,-0.52302
GO:0070268,0.39116,0.39116
GO:0070301,0.2924,0.59591
GO:0070303,-0.60487,-0.60487
GO:0070304,-0.53114,-0.28395
GO:0070317,0.74515,0.27476
GO:0070328,0.50926,0.25199
GO:0070371,0.35723,0.35723
GO:0070372,0.26003,0.71687
GO:0070373,-0.54119,-0.54119
GO:0070374,-0.2901,-0.47067
GO:0070423,-0.51193,-0.51193
GO:0070498,-0.47832,-0.47832
GO:0070507,-0.63685,-0.72868
GO:0070509,0.313,0.42178
GO:0070527,0.25641,0.96943
GO:0070542,-0.49819,-0.59839
GO:0070555,-0.33379,-0.33379
GO:0070588,0.47992,0.15413
GO:0070613,-1.139,-0.25103
GO:0070647,0.44585,-0.36433
GO:0070665,0.39498,0.24109
GO:0070723,-0.69887,-0.35119
GO:0070875,0.56816,0.52375
GO:0070884,0.57355,0.57355
GO:0070925,0.71477,0.43368
GO:0070932,0.48278,0.48367
GO:0070988,0.54857,0.54857
GO:0071071,-0.441,-0.441
GO:0071157,0.59783,0.59783
GO:0071214,-0.42581,-0.90371
GO:0071222,-0.54246,-0.37902
GO:0071229,0.16294,-0.94055
GO:0071230,0.46286,0.38099
GO:0071243,0.50418,-0.20846
GO:0071248,0.90229,-0.12871
GO:0071260,0.47381,0.5771
GO:0071276,0.59746,0.59746
GO:0071277,0.23578,0.79447
GO:0071295,0.69655,0.69655
GO:0071300,-0.77272,0.46279
GO:0071312,0.61674,0.6807
GO:0071318,-0.60585,-0.60585
GO:0071320,-0.36247,-0.48591
GO:0071326,0.066548,0.37084
GO:0071333,0.70951,0.40876
GO:0071345,1.4222,1.2771
GO:0071353,-0.94373,0.10144
GO:0071354,-0.43672,-0.43672
GO:0071356,-0.53549,-0.69564
GO:0071361,0.46827,0.87819
GO:0071363,0.13264,-0.98628
GO:0071364,-0.44423,-0.42087
GO:0071371,0.42336,0.40303
GO:0071375,-0.57378,-0.47201
GO:0071377,0.42733,0.50059
GO:0071380,0.4731,0.4731
GO:0071392,-0.45554,-0.4992
GO:0071396,0.1574,-0.13363
GO:0071398,0.51396,0.49353
GO:0071404,0.46367,0.46367
GO:0071407,-0.64466,-0.34685
GO:0071415,-0.63376,-0.61095
GO:0071417,1.0561,0.27394
GO:0071456,0.57245,-0.043154
GO:0071466,0.97842,0.23151
GO:0071470,0.71579,0.37061
GO:0071480,-0.5406,-0.5406
GO:0071496,0.55284,0.69022
GO:0071542,0.37764,0.19907
GO:0071549,-0.25767,-0.42778
GO:0071559,-0.52334,-0.90703
GO:0071634,-0.67736,-0.67736
GO:0071695,-0.39379,-0.39243
GO:0071702,-0.14643,-0.20239
GO:0071705,-0.54599,2.0195
GO:0071731,0.48834,0.48834
GO:0071772,0.45216,0.39126
GO:0071805,-0.51509,-0.82905
GO:0071824,-0.51634,-0.51894
GO:0071868,-0.87908,-0.87908
GO:0071872,-0.45398,-0.45398
GO:0071887,-0.55097,-0.55097
GO:0071897,-0.38576,-0.17267
GO:0071900,-0.068472,0.60385
GO:0071902,0.68098,0.23148
GO:0072012,-0.43691,-0.43691
GO:0072073,0.39319,0.12948
GO:0072078,-0.70449,-0.70449
GO:0072080,0.37422,0.37422
GO:0072088,0.49614,0.49614
GO:0072089,0.83094,0.5086
GO:0072163,-0.53524,-0.46914
GO:0072215,-0.3978,-0.36873
GO:0072329,0.52045,0.52045
GO:0072330,-0.57897,-0.67194
GO:0072331,-0.55373,-0.72444
GO:0072359,0.2696,0.047743
GO:0072378,0.47662,0.47662
GO:0072422,0.30882,0.48166
GO:0072525,0.3732,0.3732
GO:0072527,0.45007,-0.14248
GO:0072594,0.55506,0.59023
GO:0072595,0.38357,0.38357
GO:0072655,0.46307,1.0162
GO:0072657,-0.45894,-0.78811
GO:0072659,0.26884,0.065157
GO:0072662,0.7842,0.7842
GO:0072678,-0.52085,-0.27064
GO:0080134,-0.097914,-0.07983
GO:0080135,0.67058,0.52547
GO:0086002,-0.80226,-0.85176
GO:0086004,-0.53624,-0.53624
GO:0086012,-0.59424,-0.42054
GO:0086013,0.70241,0.67411
GO:0086019,-0.61325,-0.16146
GO:0086091,-0.69096,-0.27198
GO:0090023,0.61016,0.61016
GO:0090026,-0.50953,-0.50953
GO:0090050,-0.50755,-0.5818
GO:0090066,-0.44617,0.89348
GO:0090068,-0.5362,-0.37637
GO:0090075,-0.49509,-0.44477
GO:0090090,-0.52159,-0.27047
GO:0090092,0.34605,0.17888
GO:0090102,-0.41524,-0.84098
GO:0090130,-0.3988,-0.11202
GO:0090150,-0.41229,-1.0999
GO:0090184,0.54783,0.66375
GO:0090200,0.58332,0.58332
GO:0090207,-0.35848,-0.35848
GO:0090257,0.43473,-0.45015
GO:0090263,0.52939,0.61616
GO:0090280,-0.42176,-0.42176
GO:0090287,-0.60843,-0.78909
GO:0090304,0.26541,-0.49912
GO:0090307,0.54089,0.54089
GO:0090312,-0.52216,-0.51603
GO:0090314,-0.3565,-0.3565
GO:0090316,0.37342,0.37342
GO:0090344,0.49565,0.49565
GO:0090398,-0.64883,-0.67041
GO:0090399,0.43192,0.41176
GO:0090407,-0.88616,-0.53832
GO:0090501,0.43929,0.43929
GO:0090559,0.57012,0.57012
GO:0090596,0.20505,0.20505
GO:0090630,0.46029,0.45833
GO:0097009,-0.4089,-0.39927
GO:0097028,-0.67555,-1.1592
GO:0097061,0.5142,0.5158
GO:0097066,-0.43999,-0.43999
GO:0097164,-0.63076,0.069244
GO:0097190,0.48649,0.52606
GO:0097191,0.25847,0.25847
GO:0097192,-0.50403,-0.50403
GO:0097193,0.30532,0.66592
GO:0097194,-0.61223,-0.61223
GO:0097237,0.35503,0.12318
GO:0097242,-0.40805,-0.40805
GO:0097305,0.5051,0.5616
GO:0097306,0.78908,0.697
GO:0097327,0.75334,0.38541
GO:0097421,0.66633,0.5826
GO:0097435,-0.26294,-0.55021
GO:0097711,0.47966,0.67495
GO:0097746,0.36724,0.98332
GO:0098542,0.56741,-0.29288
GO:0098586,0.52895,0.61439
GO:0098609,0.54059,-0.89836
GO:0098656,-0.30496,-0.31007
GO:0098657,-0.59013,0.6431
GO:0098659,-0.6879,-1.2385
GO:0098662,0.2349,0.43956
GO:0098664,0.51418,0.51418
GO:0098732,0.36479,0.19772
GO:0098754,-0.33369,-0.33369
GO:0098761,0.76036,0.76036
GO:0098771,-0.34718,-0.04196
GO:0098781,0.88864,0.66351
GO:0098813,0.58685,0.96741
GO:0098868,-0.46394,-0.46394
GO:0098869,-0.41626,-0.41626
GO:0098900,-0.60552,-0.22648
GO:0098930,-0.42232,-0.42232
GO:0099024,0.24263,0.77388
GO:0099111,-0.46632,-0.44078
GO:0099170,-0.62254,-0.62254
GO:0099504,0.32051,0.32051
GO:0110020,0.62421,0.83529
GO:0110053,0.37778,1.4266
GO:0110110,-0.33785,-0.076069
GO:0110111,-2.3066,-0.501
GO:0120031,0.3411,-0.29136
GO:0120034,0.50202,1.1064
GO:0120035,0.30865,-0.45837
GO:0120036,-0.097386,-0.32084
GO:0120162,-0.59587,-0.56248
GO:0120163,0.41062,0.79451
GO:0140029,0.45877,0.45877
GO:0140115,-0.58865,-0.5951
GO:0140131,-0.44734,-0.44734
GO:0150063,0.09544,1.0864
GO:0150065,0.42021,0.42021
GO:0150078,0.46249,0.46249
GO:1900015,0.5733,1.1482
GO:1900026,-0.56203,-0.56203
GO:1900034,0.74744,0.17093
GO:1900076,0.45126,0.45126
GO:1900087,0.18758,0.48564
GO:1900101,-0.53473,-0.53473
GO:1900117,0.70421,0.70421
GO:1900120,0.69763,0.69763
GO:1900273,-0.55651,-0.55651
GO:1900274,0.34825,1.2246
GO:1900371,0.80007,0.53452
GO:1900408,0.44538,0.44538
GO:1900409,-0.40804,-0.40804
GO:1900740,0.72277,0.72277
GO:1900745,-0.069187,0.48237
GO:1901016,-0.46491,-0.46491
GO:1901020,-0.46921,-0.46921
GO:1901021,0.4679,0.59293
GO:1901068,0.36447,0.36447
GO:1901135,-0.44711,-0.27728
GO:1901136,0.038024,0.68407
GO:1901137,-0.76686,-0.27307
GO:1901214,0.45406,0.80102
GO:1901224,-0.4654,-0.21605
GO:1901264,-0.41851,-0.41851
GO:1901361,-0.29106,-0.069138
GO:1901362,-0.2862,-0.43622
GO:1901380,-0.38469,-0.49809
GO:1901381,-0.16465,-0.52827
GO:1901385,0.48657,0.48272
GO:1901565,0.30683,0.11166
GO:1901566,0.35764,0.76743
GO:1901568,-0.58986,-0.58986
GO:1901571,0.43265,0.63715
GO:1901575,0.2361,0.40033
GO:1901576,0.07768,-0.1975
GO:1901605,-0.23802,-0.52036
GO:1901607,0.41041,0.41041
GO:1901615,-0.45148,-0.095671
GO:1901616,-0.47413,-0.21972
GO:1901617,0.18698,0.488
GO:1901652,0.48898,0.33939
GO:1901653,0.19976,-0.26486
GO:1901654,-0.25911,-0.58199
GO:1901655,-0.093049,-0.61854
GO:1901658,-0.3809,-0.19457
GO:1901659,-0.39489,-0.25341
GO:1901661,-0.4406,-0.4406
GO:1901687,-0.50967,-0.50967
GO:1901701,-0.95609,-0.47683
GO:1901796,0.42149,0.47805
GO:1901889,-0.55143,-0.35681
GO:1901985,-0.42559,-0.42559
GO:1901990,-1.7388,-1.0319
GO:1902003,0.5414,0.5414
GO:1902036,-0.43027,-0.43027
GO:1902042,-0.40118,-0.40118
GO:1902105,-0.4402,0.010496
GO:1902117,-0.44685,-0.44685
GO:1902170,-0.40725,-0.40725
GO:1902175,-0.61382,-0.61382
GO:1902230,-0.39664,-0.38092
GO:1902235,0.3864,0.3864
GO:1902254,-0.47698,-0.47846
GO:1902402,0.5508,0.66363
GO:1902403,0.56916,0.36607
GO:1902475,-0.46824,-0.46824
GO:1902476,0.57677,0.61048
GO:1902532,-0.069892,-0.60149
GO:1902533,0.18852,0.12315
GO:1902600,-0.42785,-0.37366
GO:1902644,-0.48298,-0.48298
GO:1902692,0.64357,0.44727
GO:1902745,0.7367,0.7367
GO:1902749,0.36533,1.3154
GO:1902895,0.43643,0.43643
GO:1902904,-0.25978,-0.33885
GO:1902905,-0.46216,-0.80575
GO:1903008,-0.54101,0.35452
GO:1903035,0.65048,0.65048
GO:1903037,0.60423,-0.069934
GO:1903038,-1.1546,-0.64426
GO:1903047,1.7084,0.23822
GO:1903053,-0.34854,-1.4893
GO:1903078,0.30192,0.58904
GO:1903146,0.42866,0.42866
GO:1903169,0.41563,0.45893
GO:1903203,-0.49046,-0.49046
GO:1903206,-0.52002,-0.52002
GO:1903312,0.66302,0.21327
GO:1903313,0.42637,0.355
GO:1903320,0.46065,0.27896
GO:1903351,-0.55097,-0.55097
GO:1903362,0.26459,0.69703
GO:1903363,-0.63131,-0.63131
GO:1903364,-0.29824,-0.83499
GO:1903409,0.41789,0.41789
GO:1903427,-0.40289,-0.40289
GO:1903429,0.4461,0.5
GO:1903509,-0.44106,-0.031006
GO:1903522,-0.44883,-0.48795
GO:1903530,0.19741,0.093018
GO:1903532,0.74658,0.73244
GO:1903533,-0.6179,-0.6179
GO:1903579,0.38871,0.38871
GO:1903670,0.32172,0.6294
GO:1903706,-0.23518,-0.45883
GO:1903707,0.66283,0.25246
GO:1903779,0.3826,0.39029
GO:1903792,0.4829,0.50375
GO:1903798,-0.53663,-0.53663
GO:1903825,-0.50898,-0.50898
GO:1903827,-0.65587,-0.22154
GO:1903828,0.818,0.818
GO:1903829,0.66931,0.61953
GO:1903831,-0.47131,-0.47131
GO:1903955,-0.69305,-0.69305
GO:1903959,0.66623,0.66623
GO:1903978,0.83851,0.83851
GO:1904019,0.60295,0.16833
GO:1904029,0.47558,0.51841
GO:1904062,0.66108,0.3284
GO:1904064,-1.5867,-0.4815
GO:1904355,-0.74049,-0.92988
GO:1904385,-0.7677,-0.56264
GO:1904467,-0.89362,-0.89362
GO:1904646,0.53938,0.73466
GO:1904659,-0.84597,-0.78221
GO:1904706,0.47995,0.47995
GO:1904707,0.41664,0.41664
GO:1904752,-0.44075,-0.44075
GO:1904837,-0.52079,-0.4937
GO:1904886,0.44117,0.72015
GO:1904950,0.1962,0.43239
GO:1904996,-0.60096,-0.60096
GO:1905039,0.80543,0.80543
GO:1905114,-0.059427,-0.16348
GO:1905208,0.47987,0.48356
GO:1905209,0.63684,0.74649
GO:1905269,0.4423,0.4423
GO:1905330,-0.4597,-0.44613
GO:1905332,-0.44205,-0.44205
GO:1905475,-0.53091,-0.61241
GO:1905564,-0.46806,-0.46806
GO:1905818,-1.4972,-0.36226
GO:1905898,0.40871,0.40871
GO:1905952,0.30314,0.50649
GO:1990090,0.56735,0.56735
GO:1990138,-0.49867,0.20466
GO:1990830,-0.37422,-1.1857
GO:2000027,1.0641,0.29535
GO:2000112,0.31575,0.2758
GO:2000113,0.3523,0.056735
GO:2000142,-0.51431,-0.89107
GO:2000171,-0.33001,-0.16109
GO:2000179,-0.76616,-1.1342
GO:2000242,0.60066,0.60085
GO:2000243,-0.47431,-0.47431
GO:2000249,0.44485,1.8051
GO:2000272,0.48342,0.34633
GO:2000273,-0.50843,-0.50843
GO:2000279,0.67346,0.67346
GO:2000300,0.65439,0.65439
GO:2000310,0.43504,0.52193
GO:2000352,0.36343,0.36343
GO:2000353,0.50348,0.50348
GO:2000377,-0.53123,-0.42793
GO:2000379,0.45218,0.47546
GO:2000406,0.41868,0.96837
GO:2000463,0.56825,0.13224
GO:2000515,0.44614,0.44614
GO:2000648,0.45939,0.50005
GO:2000649,-1.3195,-0.53779
GO:2000679,0.50194,0.21529
GO:2000772,-0.70246,-0.49949
GO:2000778,-0.39282,-0.39282
GO:2000810,0.54477,0.54477
GO:2000811,0.44353,0.46642
GO:2000826,-0.69242,-1.0777
GO:2001020,-0.61999,-1.1553
GO:2001024,0.59935,0.59935
GO:2001025,-0.49026,-0.40913
GO:2001028,0.39183,0.39183
GO:2001056,-0.26979,-0.55478
GO:2001233,0.18339,0.56306
GO:2001234,-0.64334,-1.1536
GO:2001235,0.2672,0.41743
GO:2001236,-0.26825,0.75033
GO:2001238,0.35736,0.20886
GO:2001240,-0.43862,-0.43862
GO:2001242,-0.30018,-0.28229
GO:2001244,0.44144,0.44144
GO:2001257,0.2792,0.14097
GO:2001258,0.35288,0.35288
GO:2001259,-0.44808,-0.43788
